{
	"id": "eaf847a0-b243-4974-9af1-d87b8bfce2d5",
	"name": "Room Rental",
	"values": [
		{
			"key": "baseUrl",
			"value": "localhost:3004/api/",
			"type": "default",
			"enabled": true
		},
		{
			"key": "token",
			"value": "eyJhbGciOiJIUzI1NiIsInR5cCI6IkpXVCJ9.eyJuYW1lIjoiQWRtaW4iLCJlbWFpbCI6ImFkbWluQGdtYWlsLmNvbSIsInVzZXJUeXBlIjoxLCJfaWQiOiI2NDIxNGY1NjFhMjkzNDA4YmIyMzgyZDUiLCJpYXQiOjE2Nzk5MDQ2NjB9.MRvN8vWDJ4a-nVu6CdSGhPglEPOTQOstMUt_tMLB25s",
			"type": "default",
			"enabled": true
		}
	],
	"_postman_variable_scope": "environment",
	"_postman_exported_at": "2023-03-28T12:41:18.946Z",
	"_postman_exported_using": "Postman/10.12.8"
}