{
	"info": {
		"_postman_id": "270b8ae3-dff7-4b5c-ab8c-b12ac19fc8af",
		"name": "Room Rental",
		"schema": "https://schema.getpostman.com/json/collection/v2.1.0/collection.json",
		"_exporter_id": "13530824"
	},
	"item": [
		{
			"name": "admin",
			"item": [
				{
					"name": "auth",
					"item": [
						{
							"name": "login",
							"request": {
								"method": "POST",
								"header": [],
								"body": {
									"mode": "urlencoded",
									"urlencoded": [
										{
											"key": "email",
											"value": "admin@gmail.com",
											"type": "text"
										},
										{
											"key": "password",
											"value": "123",
											"type": "text"
										}
									]
								},
								"url": {
									"raw": "{{baseUrl}}user/login",
									"host": [
										"{{baseUrl}}user"
									],
									"path": [
										"login"
									]
								}
							},
							"response": []
						},
						{
							"name": "all",
							"request": {
								"method": "POST",
								"header": [
									{
										"key": "Authorization",
										"value": "{{token}}",
										"type": "text"
									}
								],
								"body": {
									"mode": "urlencoded",
									"urlencoded": [
										{
											"key": "status",
											"value": "true",
											"type": "text"
										}
									]
								},
								"url": {
									"raw": "{{baseUrl}}user/all",
									"host": [
										"{{baseUrl}}user"
									],
									"path": [
										"all"
									]
								}
							},
							"response": []
						},
						{
							"name": "single",
							"request": {
								"method": "POST",
								"header": [
									{
										"key": "Authorization",
										"value": "{{token}}",
										"type": "text"
									}
								],
								"body": {
									"mode": "urlencoded",
									"urlencoded": [
										{
											"key": "_id",
											"value": "6421871631a588074078dc4c",
											"type": "text"
										}
									]
								},
								"url": {
									"raw": "{{baseUrl}}user/single",
									"host": [
										"{{baseUrl}}user"
									],
									"path": [
										"single"
									]
								}
							},
							"response": []
						},
						{
							"name": "delete",
							"request": {
								"method": "POST",
								"header": [
									{
										"key": "Authorization",
										"value": "{{token}}",
										"type": "text"
									}
								],
								"body": {
									"mode": "urlencoded",
									"urlencoded": [
										{
											"key": "_id",
											"value": "6421871631a588074078dc4c",
											"type": "text"
										},
										{
											"key": "status",
											"value": "false",
											"type": "text"
										}
									]
								},
								"url": {
									"raw": "{{baseUrl}}user/delete",
									"host": [
										"{{baseUrl}}user"
									],
									"path": [
										"delete"
									]
								}
							},
							"response": []
						}
					]
				},
				{
					"name": "city",
					"item": [
						{
							"name": "all",
							"request": {
								"method": "POST",
								"header": [],
								"body": {
									"mode": "urlencoded",
									"urlencoded": [
										{
											"key": "status",
											"value": "true",
											"type": "text",
											"disabled": true
										}
									]
								},
								"url": {
									"raw": "{{baseUrl}}city/all",
									"host": [
										"{{baseUrl}}city"
									],
									"path": [
										"all"
									]
								}
							},
							"response": []
						},
						{
							"name": "single",
							"request": {
								"method": "POST",
								"header": [],
								"body": {
									"mode": "urlencoded",
									"urlencoded": [
										{
											"key": "_id",
											"value": "",
											"type": "text"
										}
									]
								},
								"url": {
									"raw": "{{baseUrl}}city/single",
									"host": [
										"{{baseUrl}}city"
									],
									"path": [
										"single"
									]
								}
							},
							"response": []
						},
						{
							"name": "add",
							"request": {
								"method": "POST",
								"header": [
									{
										"key": "Authorization",
										"value": "{{token}}",
										"type": "text"
									}
								],
								"body": {
									"mode": "formdata",
									"formdata": [
										{
											"key": "name",
											"value": "Jalandhar",
											"type": "text"
										},
										{
											"key": "city_image",
											"type": "file",
											"src": "/D:/O7 Services/class/css/lnkedin/Task 2/media/linkedin-logo-png-transparent.png"
										}
									]
								},
								"url": {
									"raw": "{{baseUrl}}city/add",
									"host": [
										"{{baseUrl}}city"
									],
									"path": [
										"add"
									]
								}
							},
							"response": []
						},
						{
							"name": "update",
							"request": {
								"method": "POST",
								"header": [
									{
										"key": "Authorization",
										"value": "{{token}}",
										"type": "text"
									}
								],
								"body": {
									"mode": "formdata",
									"formdata": [
										{
											"key": "name",
											"value": "Ludhiana",
											"type": "text"
										},
										{
											"key": "_id",
											"value": "6421514b6a06be6dc301d282",
											"type": "text"
										},
										{
											"key": "city_image",
											"type": "file",
											"src": "/D:/O7 Services/class/css/assign.png"
										}
									]
								},
								"url": {
									"raw": "{{baseUrl}}city/update",
									"host": [
										"{{baseUrl}}city"
									],
									"path": [
										"update"
									]
								}
							},
							"response": []
						},
						{
							"name": "delete",
							"request": {
								"method": "POST",
								"header": [
									{
										"key": "Authorization",
										"value": "{{token}}",
										"type": "text"
									}
								],
								"body": {
									"mode": "urlencoded",
									"urlencoded": [
										{
											"key": "_id",
											"value": "6421514b6a06be6dc301d282",
											"type": "text"
										},
										{
											"key": "status",
											"value": "false",
											"type": "text"
										}
									]
								},
								"url": {
									"raw": "{{baseUrl}}city/delete",
									"host": [
										"{{baseUrl}}city"
									],
									"path": [
										"delete"
									]
								}
							},
							"response": []
						}
					]
				},
				{
					"name": "reseller",
					"item": [
						{
							"name": "all",
							"request": {
								"method": "POST",
								"header": [],
								"body": {
									"mode": "urlencoded",
									"urlencoded": [
										{
											"key": "status",
											"value": "true",
											"type": "text"
										}
									]
								},
								"url": {
									"raw": "{{baseUrl}}reseller/all",
									"host": [
										"{{baseUrl}}reseller"
									],
									"path": [
										"all"
									]
								}
							},
							"response": []
						},
						{
							"name": "single",
							"request": {
								"method": "POST",
								"header": [],
								"body": {
									"mode": "urlencoded",
									"urlencoded": [
										{
											"key": "_id",
											"value": "64217f60ea7e9c23ec199d59",
											"type": "text"
										}
									]
								},
								"url": {
									"raw": "{{baseUrl}}reseller/single",
									"host": [
										"{{baseUrl}}reseller"
									],
									"path": [
										"single"
									]
								}
							},
							"response": []
						},
						{
							"name": "add",
							"request": {
								"method": "POST",
								"header": [
									{
										"key": "Authorization",
										"value": "{{token}}",
										"type": "text"
									}
								],
								"body": {
									"mode": "formdata",
									"formdata": [
										{
											"key": "name",
											"value": "Reseller 1",
											"type": "text"
										},
										{
											"key": "reseller_image",
											"type": "file",
											"src": "/D:/O7 Services/class/css/webpage.png"
										},
										{
											"key": "contact",
											"value": "1234567890",
											"type": "text"
										},
										{
											"key": "address",
											"value": "123 abc street",
											"type": "text"
										},
										{
											"key": "aadharCardNo",
											"value": "123456789123",
											"type": "text"
										},
										{
											"key": "email",
											"value": "reseller1@gmail.com",
											"type": "text"
										},
										{
											"key": "password",
											"value": "1234",
											"type": "text"
										}
									]
								},
								"url": {
									"raw": "{{baseUrl}}reseller/add",
									"host": [
										"{{baseUrl}}reseller"
									],
									"path": [
										"add"
									]
								}
							},
							"response": []
						},
						{
							"name": "update",
							"request": {
								"method": "POST",
								"header": [
									{
										"key": "Authorization",
										"value": "{{token}}",
										"type": "text"
									}
								],
								"body": {
									"mode": "formdata",
									"formdata": [
										{
											"key": "name",
											"value": "Reseller One",
											"type": "text"
										},
										{
											"key": "_id",
											"value": "64217f60ea7e9c23ec199d59",
											"type": "text"
										},
										{
											"key": "reseller_image",
											"type": "file",
											"src": "/D:/O7 Services/class/css/webpage2.jpg"
										},
										{
											"key": "contact",
											"value": "",
											"type": "text"
										},
										{
											"key": "address",
											"value": "144 abc street",
											"type": "text"
										},
										{
											"key": "aadharCardNo",
											"value": "987654321654",
											"type": "text"
										},
										{
											"key": "email",
											"value": "resellerOne@gmail",
											"type": "text"
										},
										{
											"key": "password",
											"value": "1234",
											"type": "text"
										}
									]
								},
								"url": {
									"raw": "{{baseUrl}}reseller/update",
									"host": [
										"{{baseUrl}}reseller"
									],
									"path": [
										"update"
									]
								}
							},
							"response": []
						},
						{
							"name": "delete",
							"request": {
								"method": "POST",
								"header": [
									{
										"key": "Authorization",
										"value": "{{token}}",
										"type": "text"
									}
								],
								"body": {
									"mode": "urlencoded",
									"urlencoded": [
										{
											"key": "_id",
											"value": "64217f60ea7e9c23ec199d59",
											"type": "text"
										},
										{
											"key": "status",
											"value": "false",
											"type": "text"
										}
									]
								},
								"url": {
									"raw": "{{baseUrl}}reseller/delete",
									"host": [
										"{{baseUrl}}reseller"
									],
									"path": [
										"delete"
									]
								}
							},
							"response": []
						}
					]
				},
				{
					"name": "room type",
					"item": [
						{
							"name": "all",
							"request": {
								"method": "POST",
								"header": [],
								"body": {
									"mode": "urlencoded",
									"urlencoded": [
										{
											"key": "status",
											"value": "true",
											"type": "text"
										}
									]
								},
								"url": {
									"raw": "{{baseUrl}}roomtype/all",
									"host": [
										"{{baseUrl}}roomtype"
									],
									"path": [
										"all"
									]
								}
							},
							"response": []
						},
						{
							"name": "single",
							"request": {
								"method": "POST",
								"header": [],
								"body": {
									"mode": "urlencoded",
									"urlencoded": [
										{
											"key": "_id",
											"value": "642173767a5f737ed690494a",
											"type": "text"
										}
									]
								},
								"url": {
									"raw": "{{baseUrl}}roomtype/single",
									"host": [
										"{{baseUrl}}roomtype"
									],
									"path": [
										"single"
									]
								}
							},
							"response": []
						},
						{
							"name": "add",
							"request": {
								"method": "POST",
								"header": [
									{
										"key": "Authorization",
										"value": "{{token}}",
										"type": "text"
									}
								],
								"body": {
									"mode": "urlencoded",
									"urlencoded": [
										{
											"key": "name",
											"value": "Flat",
											"type": "text"
										}
									]
								},
								"url": {
									"raw": "{{baseUrl}}roomtype/add",
									"host": [
										"{{baseUrl}}roomtype"
									],
									"path": [
										"add"
									]
								}
							},
							"response": []
						},
						{
							"name": "update",
							"request": {
								"method": "POST",
								"header": [
									{
										"key": "Authorization",
										"value": "{{token}}",
										"type": "text"
									}
								],
								"body": {
									"mode": "urlencoded",
									"urlencoded": [
										{
											"key": "nameApartment",
											"value": "Apartment",
											"type": "text"
										},
										{
											"key": "_id",
											"value": "642173767a5f737ed690494a",
											"type": "text"
										}
									]
								},
								"url": {
									"raw": "{{baseUrl}}roomtype/update",
									"host": [
										"{{baseUrl}}roomtype"
									],
									"path": [
										"update"
									]
								}
							},
							"response": []
						},
						{
							"name": "delete",
							"request": {
								"method": "POST",
								"header": [
									{
										"key": "Authorization",
										"value": "{{token}}",
										"type": "text"
									}
								],
								"body": {
									"mode": "urlencoded",
									"urlencoded": [
										{
											"key": "_id",
											"value": "642173767a5f737ed690494a",
											"type": "text"
										},
										{
											"key": "status",
											"value": "false",
											"type": "text"
										}
									]
								},
								"url": {
									"raw": "{{baseUrl}}roomtype/delete",
									"host": [
										"{{baseUrl}}roomtype"
									],
									"path": [
										"delete"
									]
								}
							},
							"response": []
						}
					]
				},
				{
					"name": "enquiry",
					"item": [
						{
							"name": "all",
							"request": {
								"method": "POST",
								"header": [
									{
										"key": "Authorization",
										"value": "{{token}}",
										"type": "text"
									}
								],
								"body": {
									"mode": "urlencoded",
									"urlencoded": []
								},
								"url": {
									"raw": "{{baseUrl}}enquiry/all",
									"host": [
										"{{baseUrl}}enquiry"
									],
									"path": [
										"all"
									]
								}
							},
							"response": []
						},
						{
							"name": "single",
							"request": {
								"method": "POST",
								"header": [
									{
										"key": "Authorization",
										"value": "{{token}}",
										"type": "text"
									}
								],
								"body": {
									"mode": "urlencoded",
									"urlencoded": [
										{
											"key": "_id",
											"value": "642267ccf7c2b6967cc69159",
											"type": "text"
										}
									]
								},
								"url": {
									"raw": "{{baseUrl}}enquiry/single",
									"host": [
										"{{baseUrl}}enquiry"
									],
									"path": [
										"single"
									]
								}
							},
							"response": []
						}
					]
				},
				{
					"name": "room",
					"item": [
						{
							"name": "add",
							"request": {
								"method": "POST",
								"header": [
									{
										"key": "Authorization",
										"value": "{{token}}",
										"type": "text"
									}
								],
								"body": {
									"mode": "formdata",
									"formdata": [
										{
											"key": "resellerId",
											"value": "64217f60ea7e9c23ec199d59",
											"type": "text"
										},
										{
											"key": "roomtypeId",
											"value": "642173767a5f737ed690494a",
											"type": "text"
										},
										{
											"key": "cityId",
											"value": "6421514b6a06be6dc301d282",
											"type": "text"
										},
										{
											"key": "address",
											"value": "Jalandhar",
											"type": "text"
										},
										{
											"key": "location",
											"value": "Jalandhar Heights",
											"type": "text"
										},
										{
											"key": "description",
											"value": "try 1",
											"type": "text"
										},
										{
											"key": "price",
											"value": "200000",
											"type": "text"
										},
										{
											"key": "leasetime",
											"value": "2 year",
											"type": "text"
										},
										{
											"key": "initialamount",
											"value": "50000",
											"type": "text"
										},
										{
											"key": "room_image1",
											"type": "file",
											"src": "/D:/O7 Services/class/css/assign.png"
										},
										{
											"key": "room_image2",
											"type": "file",
											"src": "/D:/O7 Services/class/css/webpage2.jpg"
										}
									]
								},
								"url": {
									"raw": "{{baseUrl}}room/add",
									"host": [
										"{{baseUrl}}room"
									],
									"path": [
										"add"
									]
								}
							},
							"response": []
						},
						{
							"name": "update",
							"request": {
								"method": "POST",
								"header": [
									{
										"key": "Authorization",
										"value": "{{token}}",
										"type": "text"
									}
								],
								"body": {
									"mode": "formdata",
									"formdata": [
										{
											"key": "resellerId",
											"value": "64217f60ea7e9c23ec199d59",
											"type": "text"
										},
										{
											"key": "roomtypeId",
											"value": "642173767a5f737ed690494a",
											"type": "text"
										},
										{
											"key": "cityId",
											"value": "6421514b6a06be6dc301d282",
											"type": "text"
										},
										{
											"key": "address",
											"value": "Ludhiana",
											"type": "text"
										},
										{
											"key": "location",
											"value": "Dugri",
											"type": "text"
										},
										{
											"key": "description",
											"value": "try 2",
											"type": "text"
										},
										{
											"key": "price",
											"value": "250000",
											"type": "text"
										},
										{
											"key": "leasetime",
											"value": "2 year",
											"type": "text"
										},
										{
											"key": "initialamount",
											"value": "75000",
											"type": "text"
										},
										{
											"key": "room_image1",
											"type": "file",
											"src": "/D:/O7 Services/class/css/webpage.png"
										},
										{
											"key": "room_image2",
											"type": "file",
											"src": "/D:/O7 Services/class/css/webpage2.jpg",
											"disabled": true
										},
										{
											"key": "_id",
											"value": "6422cafbbd1f820914c9c456",
											"type": "text"
										}
									]
								},
								"url": {
									"raw": "{{baseUrl}}room/update",
									"host": [
										"{{baseUrl}}room"
									],
									"path": [
										"update"
									]
								}
							},
							"response": []
						},
						{
							"name": "all",
							"request": {
								"method": "POST",
								"header": [],
								"body": {
									"mode": "urlencoded",
									"urlencoded": [
										{
											"key": "status",
											"value": "true",
											"type": "text"
										}
									]
								},
								"url": {
									"raw": "{{baseUrl}}room/all",
									"host": [
										"{{baseUrl}}room"
									],
									"path": [
										"all"
									]
								}
							},
							"response": []
						},
						{
							"name": "single",
							"request": {
								"method": "POST",
								"header": [],
								"body": {
									"mode": "urlencoded",
									"urlencoded": [
										{
											"key": "_id",
											"value": "6422cafbbd1f820914c9c456",
											"type": "text"
										}
									]
								},
								"url": {
									"raw": "{{baseUrl}}room/single",
									"host": [
										"{{baseUrl}}room"
									],
									"path": [
										"single"
									]
								}
							},
							"response": []
						},
						{
							"name": "delete",
							"request": {
								"method": "POST",
								"header": [
									{
										"key": "Authorization",
										"value": "{{token}}",
										"type": "text"
									}
								],
								"body": {
									"mode": "urlencoded",
									"urlencoded": [
										{
											"key": "_id",
											"value": "6422cafbbd1f820914c9c456",
											"type": "text"
										},
										{
											"key": "status",
											"value": "false",
											"type": "text"
										}
									]
								},
								"url": {
									"raw": "{{baseUrl}}room/delete",
									"host": [
										"{{baseUrl}}room"
									],
									"path": [
										"delete"
									]
								}
							},
							"response": []
						}
					]
				},
				{
					"name": "room booking",
					"item": [
						{
							"name": "all",
							"request": {
								"method": "POST",
								"header": [
									{
										"key": "Authorization",
										"value": "{{token}}",
										"type": "text"
									}
								],
								"body": {
									"mode": "urlencoded",
									"urlencoded": []
								},
								"url": {
									"raw": "{{baseUrl}}roombooking/all",
									"host": [
										"{{baseUrl}}roombooking"
									],
									"path": [
										"all"
									]
								}
							},
							"response": []
						},
						{
							"name": "single",
							"request": {
								"method": "POST",
								"header": [],
								"body": {
									"mode": "urlencoded",
									"urlencoded": [
										{
											"key": "_id",
											"value": "",
											"type": "text"
										}
									]
								},
								"url": {
									"raw": "{{baseUrl}}roombooking/single",
									"host": [
										"{{baseUrl}}roombooking"
									],
									"path": [
										"single"
									]
								}
							},
							"response": []
						},
						{
							"name": "update room booking Status",
							"request": {
								"method": "POST",
								"header": [
									{
										"key": "Authorization",
										"value": "{{token}}",
										"type": "text"
									}
								],
								"body": {
									"mode": "urlencoded",
									"urlencoded": [
										{
											"key": "_id",
											"value": "6422db056a97d6b5c2d88faa",
											"type": "text"
										},
										{
											"key": "bookingStatus",
											"value": "declined",
											"description": "approved or declined",
											"type": "text"
										}
									]
								},
								"url": {
									"raw": "{{baseUrl}}roombooking/updateStatus",
									"host": [
										"{{baseUrl}}roombooking"
									],
									"path": [
										"updateStatus"
									]
								}
							},
							"response": []
						}
					]
				},
				{
					"name": "dashboard",
					"request": {
						"method": "GET",
						"header": [
							{
								"key": "Authorization",
								"value": "{{token}}",
								"type": "text"
							}
						],
						"url": {
							"raw": "{{baseUrl}}dashboard",
							"host": [
								"{{baseUrl}}dashboard"
							]
						}
					},
					"response": []
				}
			]
		},
		{
			"name": "buyer",
			"item": [
				{
					"name": "city",
					"item": [
						{
							"name": "all",
							"request": {
								"method": "POST",
								"header": [],
								"body": {
									"mode": "urlencoded",
									"urlencoded": [
										{
											"key": "status",
											"value": "true",
											"type": "text"
										}
									]
								},
								"url": {
									"raw": "{{baseUrl}}city/all",
									"host": [
										"{{baseUrl}}city"
									],
									"path": [
										"all"
									]
								}
							},
							"response": []
						}
					]
				},
				{
					"name": "room type",
					"item": [
						{
							"name": "all",
							"request": {
								"method": "POST",
								"header": [],
								"body": {
									"mode": "urlencoded",
									"urlencoded": [
										{
											"key": "status",
											"value": "true",
											"type": "text"
										}
									]
								},
								"url": {
									"raw": "{{baseUrl}}roomtype/all",
									"host": [
										"{{baseUrl}}roomtype"
									],
									"path": [
										"all"
									]
								}
							},
							"response": []
						}
					]
				},
				{
					"name": "room",
					"item": [
						{
							"name": "all",
							"request": {
								"method": "POST",
								"header": [],
								"body": {
									"mode": "urlencoded",
									"urlencoded": [
										{
											"key": "status",
											"value": "true",
											"type": "text",
											"disabled": true
										},
										{
											"key": "roomTypeId",
											"value": "642173767a5f737ed690494a",
											"type": "text"
										}
									]
								},
								"url": {
									"raw": "{{baseUrl}}room/all",
									"host": [
										"{{baseUrl}}room"
									],
									"path": [
										"all"
									]
								}
							},
							"response": []
						},
						{
							"name": "single",
							"request": {
								"method": "POST",
								"header": [],
								"body": {
									"mode": "urlencoded",
									"urlencoded": [
										{
											"key": "_id",
											"value": "6422cafbbd1f820914c9c456",
											"type": "text"
										}
									]
								},
								"url": {
									"raw": "{{baseUrl}}room/single",
									"host": [
										"{{baseUrl}}room"
									],
									"path": [
										"single"
									]
								}
							},
							"response": []
						}
					]
				},
				{
					"name": "auth",
					"item": [
						{
							"name": "register",
							"request": {
								"method": "POST",
								"header": [],
								"body": {
									"mode": "formdata",
									"formdata": [
										{
											"key": "name",
											"value": "Buyer 1",
											"type": "text"
										},
										{
											"key": "email",
											"value": "buyer1@gmail.com",
											"type": "text"
										},
										{
											"key": "password",
											"value": "123",
											"type": "text"
										},
										{
											"key": "contact",
											"value": "1234567890",
											"type": "text"
										},
										{
											"key": "gender",
											"value": "female",
											"type": "text"
										},
										{
											"key": "user_image",
											"type": "file",
											"src": "/D:/O7 Services/class/css/webpage2.jpg"
										}
									]
								},
								"url": {
									"raw": "{{baseUrl}}user/add",
									"host": [
										"{{baseUrl}}user"
									],
									"path": [
										"add"
									]
								}
							},
							"response": []
						},
						{
							"name": "update profile",
							"request": {
								"method": "POST",
								"header": [
									{
										"key": "Authorization",
										"value": "{{token}}",
										"type": "text"
									}
								],
								"body": {
									"mode": "formdata",
									"formdata": [
										{
											"key": "name",
											"value": "Buyer one",
											"type": "text"
										},
										{
											"key": "email",
											"value": "buyer1@gmail.com",
											"type": "text"
										},
										{
											"key": "password",
											"value": "123",
											"type": "text"
										},
										{
											"key": "contact",
											"value": "1234567890",
											"type": "text"
										},
										{
											"key": "gender",
											"value": "female",
											"type": "text"
										},
										{
											"key": "user_image",
											"type": "file",
											"src": "/D:/O7 Services/class/css/webpage.png"
										},
										{
											"key": "_id",
											"value": "6421871631a588074078dc4c",
											"type": "text"
										}
									]
								},
								"url": {
									"raw": "{{baseUrl}}user/update",
									"host": [
										"{{baseUrl}}user"
									],
									"path": [
										"update"
									]
								}
							},
							"response": []
						},
						{
							"name": "login",
							"request": {
								"method": "POST",
								"header": [],
								"body": {
									"mode": "urlencoded",
									"urlencoded": [
										{
											"key": "email",
											"value": "buyer1@gmail.com",
											"type": "text"
										},
										{
											"key": "password",
											"value": "123",
											"type": "text"
										}
									]
								},
								"url": {
									"raw": "{{baseUrl}}user/login",
									"host": [
										"{{baseUrl}}user"
									],
									"path": [
										"login"
									]
								}
							},
							"response": []
						}
					]
				},
				{
					"name": "enquiry",
					"item": [
						{
							"name": "add",
							"request": {
								"method": "POST",
								"header": [
									{
										"key": "Authorization",
										"value": "{{token}}",
										"type": "text"
									}
								],
								"body": {
									"mode": "urlencoded",
									"urlencoded": [
										{
											"key": "name",
											"value": "User1",
											"type": "text"
										},
										{
											"key": "email",
											"value": "user1@gmail.com",
											"type": "text"
										},
										{
											"key": "contact",
											"value": "1234567890",
											"type": "text"
										},
										{
											"key": "subject",
											"value": "Try",
											"type": "text"
										},
										{
											"key": "message",
											"value": "this is done for test purpose",
											"type": "text"
										}
									]
								},
								"url": {
									"raw": "{{baseUrl}}enquiry/add",
									"host": [
										"{{baseUrl}}enquiry"
									],
									"path": [
										"add"
									]
								}
							},
							"response": []
						}
					]
				},
				{
					"name": "room booking",
					"item": [
						{
							"name": "all",
							"request": {
								"method": "POST",
								"header": [
									{
										"key": "Authorization",
										"value": "{{token}}",
										"type": "text"
									}
								],
								"body": {
									"mode": "urlencoded",
									"urlencoded": [
										{
											"key": "userId",
											"value": "6421871631a588074078dc4c",
											"type": "text"
										}
									]
								},
								"url": {
									"raw": "{{baseUrl}}roombooking/all",
									"host": [
										"{{baseUrl}}roombooking"
									],
									"path": [
										"all"
									]
								}
							},
							"response": []
						},
						{
							"name": "add",
							"request": {
								"method": "POST",
								"header": [
									{
										"key": "Authorization",
										"value": "{{token}}",
										"type": "text"
									}
								],
								"body": {
									"mode": "urlencoded",
									"urlencoded": [
										{
											"key": "name",
											"value": "User1",
											"type": "text"
										},
										{
											"key": "people",
											"value": "6",
											"type": "text"
										},
										{
											"key": "date",
											"value": "2023-04-04",
											"type": "text"
										},
										{
											"key": "message",
											"value": "Try",
											"type": "text"
										},
										{
											"key": "transactionId",
											"value": "1234556",
											"type": "text"
										},
										{
											"key": "cvv",
											"value": "123",
											"type": "text"
										},
										{
											"key": "cardNo",
											"value": "123456789632",
											"type": "text"
										},
										{
											"key": "roomId",
											"value": "6422cafbbd1f820914c9c456",
											"type": "text"
										},
										{
											"key": "userId",
											"value": "6421871631a588074078dc4c",
											"type": "text"
										}
									]
								},
								"url": {
									"raw": "{{baseUrl}}roombooking/add",
									"host": [
										"{{baseUrl}}roombooking"
									],
									"path": [
										"add"
									]
								}
							},
							"response": []
						}
					]
				}
			]
		}
	]
}